{
    "question": "Are you currently located in Norway?",
    "answer": "Yes",
    "mouseMovements": [
        [
            739,
            424
        ],
        [
            736,
            420
        ],
        [
            734,
            415
        ],
        [
            728,
            408
        ],
        [
            721,
            394
        ],
        [
            713,
            376
        ],
        [
            705,
            353
        ],
        [
            702,
            342
        ],
        [
            698,
            332
        ],
        [
            696,
            323
        ],
        [
            692,
            314
        ],
        [
            687,
            307
        ],
        [
            680,
            299
        ],
        [
            668,
            283
        ],
        [
            662,
            277
        ],
        [
            660,
            275
        ],
        [
            659,
            274
        ],
        [
            657,
            273
        ],
        [
            656,
            271
        ],
        [
            657,
            271
        ]
    ],
    "timestamps": [
        0.514,
        0.519,
        0.527,
        0.535,
        0.541,
        0.549,
        0.564,
        0.572,
        0.581,
        0.588,
        0.597,
        0.603,
        0.61,
        0.626,
        0.635,
        0.647,
        0.655,
        0.661,
        0.668,
        1.424
    ],
    "accelerations": [
        0,
        -131515.9112875003,
        -40856.79988852338,
        59912.18203372473,
        242717.15276469066,
        -18316.440412591077,
        -55918.33525761578,
        -24777.517526358395,
        -25390.665655509794,
        17196.35559127648,
        -24751.138453374326,
        56567.22405125618,
        12124.483017379296,
        -16787.016185130797,
        -34132.32871310407,
        -58925.565098878964,
        -7365.6956373598705,
        32650.21682555468,
        -7605.673392856431,
        -420.78773965240555
    ],
    "jerks": [
        0,
        0,
        0,
        0,
        0,
        0,
        1000000,
        0,
        0,
        0,
        0,
        0,
        0,
        -333505.9318654193,
        0,
        808518.4973475364,
        0,
        0,
        0,
        15767.444982510482
    ],
    "curvatures": [
        0,
        0,
        0,
        0.10245260037354585,
        0.044662153080311566,
        0.003650723228571085,
        0.005233743119245459,
        0.0013157444928086385,
        0.009445240207921854,
        0.012806575046693231,
        0.022969107298445948,
        0.01779472660543456,
        0.014138226333707751,
        0.013319941499236777,
        0.003,
        0,
        0,
        0.35355339059327373,
        0.2683281572999747,
        0.17888543819998318
    ],
    "pausePoints": [],
    "hesitation": 0,
    "hesitationLevel": "low",
    "totalTime": 1.425,
    "averageSpeed": 195.58187610414734,
    "deceptionFlag": false,
    "jerkSpikeCount": 2,
    "label": 0
}