{
    "averageTotalTime": 2.065194285714285,
    "averageSpeed": 377.66722109375746,
    "averageJerkSpikeCount": 12.937142857142858,
    "averageHesitation": 2.5295542857142856,
    "averagePauseDuration": 0.6165348189415044,
    "averagePauseCount": 4.102857142857143
}