{
    "averageTotalTime": 2.4818057142857137,
    "averageSpeed": 355.73559051733724,
    "averageJerkSpikeCount": 14.282857142857143,
    "averageHesitation": 3.2265771428571433,
    "averagePauseDuration": 0.622891340319912,
    "averagePauseCount": 5.18
}