Fold,Accuracy,Macro F1,Recall (truthful),Recall (deceitful)
1,0.6142857142857143,0.6139705882352942,0.6428571428571429,0.5857142857142857
2,0.5785714285714286,0.5785499260166335,0.5857142857142857,0.5714285714285714
3,0.5214285714285715,0.5172662240749318,0.6142857142857143,0.42857142857142855
4,0.5714285714285714,0.5714285714285714,0.5714285714285714,0.5714285714285714
5,0.6,0.5986895986895987,0.5428571428571428,0.6571428571428571
